ice_type,incidence_bin,incidence_angle_deg,n_observation_pixels,subset,channels,coarse_rms_mismatch_db,refined_rms_mismatch_db,improvement_db,status,best_roughness_rms_m,best_salinity_ppt,best_ice_thickness_m,roughness_at_bound,salinity_at_bound,thickness_at_bound,refinement_selected,optimizer_success,optimizer_message,optimizer_nfev,obs_L_HH_db,fit_L_HH_db,residual_L_HH_db,obs_L_VV_db,fit_L_VV_db,residual_L_VV_db,obs_S_HH_db,fit_S_HH_db,residual_S_HH_db,obs_S_VV_db,fit_S_VV_db,residual_S_VV_db
MYI,30-33,32.51126496678771,8814,L_only,"L_HH,L_VV",12.948707574058679,12.948707574058679,0.0,clearly outside,0.0011814852045849,4.125,0.2,False,False,True,False,False,coarse-grid fallback,0,-23.469746375763027,-36.00699528204466,-12.537248906281636,-21.69715273441861,-35.04464109511438,-13.34748836069577,-16.52584048967992,-27.279571377235417,-10.753730887555498,-16.131401955527412,-26.234790753248586,-10.103388797721173
MYI,30-33,32.51126496678771,8814,S_only,"S_HH,S_VV",9.905121680564477,9.905121680564477,0.0,clearly outside,0.0011814852045849,2.3125,2.1333333333333333,False,False,False,False,False,coarse-grid fallback,0,-23.469746375763027,-36.21107090599834,-12.741324530235314,-21.69715273441861,-35.054906065234874,-13.357753330816266,-16.52584048967992,-26.815452934038664,-10.289612444358745,-16.131401955527412,-25.63649252629393,-9.50509057076652
MYI,30-33,32.51126496678771,8814,L_plus_S,"L_HH,L_VV,S_HH,S_VV",11.560037179234428,11.560037179234428,0.0,clearly outside,0.0011814852045849,4.125,1.1666666666666667,False,False,False,False,False,coarse-grid fallback,0,-23.469746375763027,-36.18110410096772,-12.711357725204696,-21.69715273441861,-34.93756130120392,-13.240408566785312,-16.52584048967992,-26.896040962603976,-10.370200472924058,-16.131401955527412,-25.624017309526103,-9.49261535399869
MYI,45-48,47.16071344950986,16419,L_only,"L_HH,L_VV",13.614512399604877,13.614512399604877,0.0,clearly outside,0.0011814852045849,2.3125,5.033333333333333,False,False,False,False,False,coarse-grid fallback,0,-24.574913117369416,-39.41351129595012,-14.838598178580707,-24.6386278849818,-36.90752758514282,-12.268899700161022,-17.389598694349676,-30.69445411687199,-13.304855422522316,-17.35125077552915,-28.27460186327633,-10.923351087747182
MYI,45-48,47.16071344950986,16419,S_only,"S_HH,S_VV",11.952813917074158,11.952813917074158,0.0,clearly outside,0.0011814852045849,2.3125,2.1333333333333333,False,False,False,False,False,coarse-grid fallback,0,-24.574913117369416,-39.37541679072397,-14.800503673354552,-24.6386278849818,-37.19378947697731,-12.555161591995507,-17.389598694349676,-30.27102850564719,-12.881429811297515,-17.35125077552915,-28.296947970729597,-10.945697195200449
MYI,45-48,47.16071344950986,16419,L_plus_S,"L_HH,L_VV,S_HH,S_VV",12.867845055869271,12.867845055869271,0.0,clearly outside,0.0011814852045849,2.3125,3.1,False,False,False,False,False,coarse-grid fallback,0,-24.574913117369416,-39.36436139589128,-14.789448278521864,-24.6386278849818,-37.055997782854405,-12.417369897872604,-17.389598694349676,-30.45040762077583,-13.060808926426155,-17.35125077552915,-28.25180856635609,-10.90055779082694
MYI,48-51,49.886593950590274,8212,L_only,"L_HH,L_VV",15.149618133531655,15.149618133531655,0.0,clearly outside,0.0011814852045849,2.3125,5.033333333333333,False,False,False,False,False,coarse-grid fallback,0,-23.61321168620016,-40.13679870937092,-16.523587023170762,-23.72780309632658,-37.3657256313524,-13.637922535025819,-16.325219838751938,-31.445393199746714,-15.120173360994777,-17.38719824318103,-28.78459886567317,-11.397400622492142
MYI,48-51,49.886593950590274,8212,S_only,"S_HH,S_VV",13.157184009108088,13.157184009108088,0.0,clearly outside,0.0011814852045849,2.3125,2.1333333333333333,False,False,False,False,False,coarse-grid fallback,0,-23.61321168620016,-40.08315619507757,-16.46994450887741,-23.72780309632658,-37.67162993533429,-13.94382683900771,-16.325219838751938,-31.000479240597706,-14.675259401845768,-17.38719824318103,-28.826592614719956,-11.439394371538928
MYI,48-51,49.886593950590274,8212,L_plus_S,"L_HH,L_VV,S_HH,S_VV",14.247037947769986,14.247037947769986,0.0,clearly outside,0.0011814852045849,2.3125,2.1333333333333333,False,False,False,False,False,coarse-grid fallback,0,-23.61321168620016,-40.08315619507757,-16.46994450887741,-23.72780309632658,-37.67162993533429,-13.94382683900771,-16.325219838751938,-31.000479240597706,-14.675259401845768,-17.38719824318103,-28.826592614719956,-11.439394371538928
MYI,51-54,51.39909769922632,15907,L_only,"L_HH,L_VV",14.247798141471474,14.247798141471474,0.0,clearly outside,0.0011814852045849,2.3125,5.033333333333333,False,False,False,False,False,coarse-grid fallback,0,-25.10407079946073,-40.548607835673344,-15.444537036212616,-24.69592235843058,-37.63677934308553,-12.94085698465495,-17.001698189303465,-31.866402180661456,-14.864703991357992,-17.92819892856397,-29.075108060040705,-11.146909131476736
MYI,51-54,51.39909769922632,15907,S_only,"S_HH,S_VV",12.904669598317225,12.904669598317225,0.0,clearly outside,0.0011814852045849,2.3125,2.1333333333333333,False,False,False,False,False,coarse-grid fallback,0,-25.10407079946073,-40.482142946144045,-15.378072146683316,-24.69592235843058,-37.94972928963793,-13.25380693120735,-17.001698189303465,-31.412497670867115,-14.41079948156365,-17.92819892856397,-29.12596000770968,-11.19776107914571
MYI,51-54,51.39909769922632,15907,L_plus_S,"L_HH,L_VV,S_HH,S_VV",13.649262763990066,13.649262763990066,0.0,clearly outside,0.0011814852045849,2.3125,2.1333333333333333,False,False,False,False,False,coarse-grid fallback,0,-25.10407079946073,-40.482142946144045,-15.378072146683316,-24.69592235843058,-37.94972928963793,-13.25380693120735,-17.001698189303465,-31.412497670867115,-14.41079948156365,-17.92819892856397,-29.12596000770968,-11.19776107914571
NI,30-33,32.5485763616286,2869,L_only,"L_HH,L_VV",12.521869593597822,12.521869593597822,0.0,clearly outside,0.0011814852045849,4.125,2.1333333333333333,False,False,False,False,False,coarse-grid fallback,0,-25.80198350865075,-36.246974245648886,-10.444990736998136,-20.567104052682726,-34.86733498585868,-14.300230933175957,-22.997776046972824,-27.10625214873915,-4.108476101766325,-19.684020993117176,-25.677073447821574,-5.993052454704397
NI,30-33,32.5485763616286,2869,S_only,"S_HH,S_VV",5.00760642630439,5.00760642630439,0.0,clearly outside,0.0011814852045849,2.3125,2.1333333333333333,False,False,False,False,False,coarse-grid fallback,0,-25.80198350865075,-36.21805198077334,-10.41606847212259,-20.567104052682726,-35.059699124545176,-14.49259507186245,-22.997776046972824,-26.82385759193901,-3.8260815449661862,-19.684020993117176,-25.64332835662841,-5.959307363511233
NI,30-33,32.5485763616286,2869,L_plus_S,"L_HH,L_VV,S_HH,S_VV",9.554329633185118,9.554329633185118,0.0,clearly outside,0.0011814852045849,4.125,1.1666666666666667,False,False,False,False,False,coarse-grid fallback,0,-25.80198350865075,-36.18808274917571,-10.386099240524963,-20.567104052682726,-34.942252274330414,-14.375148221647688,-22.997776046972824,-26.90440042098426,-3.906624374011436,-19.684020993117176,-25.630717650106064,-5.9466966569888875
NI,33-36,33.459979372419,2055,L_only,"L_HH,L_VV",11.545176589624832,11.545176589624832,0.0,clearly outside,0.0011814852045849,4.125,2.1333333333333333,False,False,False,False,False,coarse-grid fallback,0,-27.00279492894948,-36.41866478517608,-9.415869856226596,-21.63737911287657,-34.976179651974746,-13.338800539098177,-24.934859912098485,-27.32218376398471,-2.387323851886226,-21.87137778559316,-25.84110083865891,-3.9697230530657492
NI,33-36,33.459979372419,2055,S_only,"S_HH,S_VV",3.1591925316412506,3.1591925316412506,0.0,marginal,0.0011814852045849,2.3125,2.1333333333333333,False,False,False,False,False,coarse-grid fallback,0,-27.00279492894948,-36.39303031431832,-9.390235385368836,-21.63737911287657,-35.17919660198416,-13.54181748910759,-24.934859912098485,-27.035332889685957,-2.100472977587472,-21.87137778559316,-25.81460085490848,-3.9432230693153194
NI,33-36,33.459979372419,2055,L_plus_S,"L_HH,L_VV,S_HH,S_VV",8.484286438858678,8.484286438858678,0.0,clearly outside,0.0011814852045849,4.125,1.1666666666666667,False,False,False,False,False,coarse-grid fallback,0,-27.00279492894948,-36.36299914314439,-9.360204214194912,-21.63737911287657,-35.059179086103704,-13.421799973227134,-24.934859912098485,-27.114712009202982,-2.1798520971044972,-21.87137778559316,-25.798536158819537,-3.9271583732263764
NI,36-39,37.23173340507176,3703,L_only,"L_HH,L_VV",10.170240462267463,10.170240462267463,0.0,clearly outside,0.0011814852045849,4.125,3.1,False,False,False,False,False,coarse-grid fallback,0,-28.937644841816667,-37.25828317048041,-8.320638328663744,-23.680792257557705,-35.41256790850912,-11.731775650951413,-27.10792324631185,-28.413490363930343,-1.3055671176184944,-22.863607973245603,-26.59876793209725,-3.7351599588516464
NI,36-39,37.23173340507176,3703,S_only,"S_HH,S_VV",2.6547464543935777,2.6547464543935777,0.0,marginal,0.0011814852045849,2.3125,2.1333333333333333,False,False,False,False,False,coarse-grid fallback,0,-28.937644841816667,-37.15628997249376,-8.218645130677093,-23.680792257557705,-35.69569752891007,-12.014905271352362,-27.10792324631185,-27.93094033776914,-0.8230170914572916,-22.863607973245603,-26.526666850932354,-3.663058877686751
NI,36-39,37.23173340507176,3703,L_plus_S,"L_HH,L_VV,S_HH,S_VV",7.450540376086544,7.450540376086544,0.0,clearly outside,0.0011814852045849,4.125,2.1333333333333333,False,False,False,False,False,coarse-grid fallback,0,-28.937644841816667,-37.19727993804676,-8.259635096230095,-23.680792257557705,-35.460042361237015,-11.77925010367931,-27.10792324631185,-28.29413663773257,-1.186213391420722,-22.863607973245603,-26.559930530178708,-3.6963225569331044
NI,39-42,39.62129279576815,10400,L_only,"L_HH,L_VV",7.340853521908059,7.340853521908059,0.0,clearly outside,0.0011814852045849,4.125,2.1333333333333333,False,False,False,False,False,coarse-grid fallback,0,-30.442056055473326,-37.681360161554295,-7.239304106080969,-28.32719954222011,-35.76821673880682,-7.44101719658671,-22.97048743373999,-28.831993668934093,-5.861506235194103,-20.603854936438243,-26.9508947103611,-6.347039773922859
NI,39-42,39.62129279576815,10400,S_only,"S_HH,S_VV",5.924367040589106,5.924367040589106,0.0,clearly outside,0.0011814852045849,2.3125,2.1333333333333333,False,False,False,False,False,coarse-grid fallback,0,-30.442056055473326,-37.643852531933945,-7.201796476460618,-28.32719954222011,-36.027487240095375,-7.700287697875265,-22.97048743373999,-28.45630559451839,-5.4858181607784005,-20.603854936438243,-26.936472781382854,-6.332617844944611
NI,39-42,39.62129279576815,10400,L_plus_S,"L_HH,L_VV,S_HH,S_VV",6.724616127164508,6.724616127164508,0.0,clearly outside,0.0011814852045849,4.125,1.1666666666666667,False,False,False,False,False,coarse-grid fallback,0,-30.442056055473326,-37.642624137322265,-7.200568081848939,-28.32719954222011,-35.90366631990176,-7.576466777681649,-22.97048743373999,-28.583441601853167,-5.612954168113177,-20.603854936438243,-26.93832920056541,-6.3344742641271665
TI,30-33,32.186416427941786,7734,L_only,"L_HH,L_VV",7.153497505862126,7.153497505862126,0.0,clearly outside,0.0011814852045849,4.125,0.2,False,False,True,False,False,coarse-grid fallback,0,-28.88667242389221,-35.94309712556284,-7.0564247016706325,-27.748155139925355,-34.997425693739984,-7.249270553814629,-19.44826049728911,-27.19541265872284,-7.747152161433732,-19.990331602870267,-26.16278204870404,-6.172450445833775
TI,30-33,32.186416427941786,7734,S_only,"S_HH,S_VV",6.497364246855556,6.497364246855556,0.0,clearly outside,0.0011814852045849,2.3125,2.1333333333333333,False,False,False,False,False,coarse-grid fallback,0,-28.88667242389221,-36.15088007391599,-7.264207650023781,-27.748155139925355,-35.01349978104371,-7.265344641118357,-19.44826049728911,-26.74308889747532,-7.294828400186212,-19.990331602870267,-25.577545839363296,-5.587214236493029
TI,30-33,32.186416427941786,7734,L_plus_S,"L_HH,L_VV,S_HH,S_VV",6.872665534587721,6.872665534587721,0.0,clearly outside,0.0011814852045849,4.125,1.1666666666666667,False,False,False,False,False,coarse-grid fallback,0,-28.88667242389221,-36.12093405127658,-7.234261627384367,-27.748155139925355,-34.897033665826605,-7.1488785259012495,-19.44826049728911,-26.824062846467005,-7.375802349177896,-19.990331602870267,-25.566231569293947,-5.57589996642368
TI,33-36,35.16708695390763,8981,L_only,"L_HH,L_VV",10.333382015691326,10.333382015691326,0.0,clearly outside,0.0011814852045849,4.125,2.1333333333333333,False,False,False,False,False,coarse-grid fallback,0,-26.78102628616057,-36.7638886667398,-9.982862380579231,-24.51886185997006,-35.19125739493979,-10.67239553496973,-21.151765764021068,-27.762601118657308,-6.61083535463624,-19.11958503474232,-26.170142750501977,-7.0505577157596555
TI,33-36,35.16708695390763,8981,S_only,"S_HH,S_VV",6.68664145132065,6.68664145132065,0.0,clearly outside,0.0011814852045849,2.3125,2.1333333333333333,False,False,False,False,False,coarse-grid fallback,0,-26.78102628616057,-36.74522421610288,-9.964197929942312,-24.51886185997006,-35.415931268435045,-10.897069408464986,-21.151765764021068,-27.46602217022329,-6.314256406202222,-19.11958503474232,-26.158939680856783,-7.039354646114461
TI,33-36,35.16708695390763,8981,L_plus_S,"L_HH,L_VV,S_HH,S_VV",8.729078052452811,8.729078052452811,0.0,clearly outside,0.0011814852045849,4.125,1.1666666666666667,False,False,False,False,False,coarse-grid fallback,0,-26.78102628616057,-36.71506158272037,-9.934035296559795,-24.51886185997006,-35.29067288293984,-10.771811022969779,-21.151765764021068,-27.54286615386287,-6.391100389841803,-19.11958503474232,-26.135572520645383,-7.015987485903061
TI,36-39,36.86496770742158,12873,L_only,"L_HH,L_VV",9.508755681794268,9.508755681794268,0.0,clearly outside,0.0011814852045849,4.125,2.1333333333333333,False,False,False,False,False,coarse-grid fallback,0,-28.945061043540864,-37.12785450112215,-8.182793457581287,-24.743898753141004,-35.41511051482367,-10.671211761682663,-20.121277013718046,-28.21744564703619,-8.096168633318143,-18.43742411704319,-26.5033299587028,-8.06590584165961
TI,36-39,36.86496770742158,12873,S_only,"S_HH,S_VV",7.883719776176773,7.883719776176773,0.0,clearly outside,0.0011814852045849,2.3125,2.1333333333333333,False,False,False,False,False,coarse-grid fallback,0,-28.945061043540864,-37.08639095270788,-8.141329909167016,-24.743898753141004,-35.64741132639278,-10.903512573251774,-20.121277013718046,-27.85592796424656,-7.734650950528515,-18.43742411704319,-26.467445891113908,-8.030021774070718
TI,36-39,36.86496770742158,12873,L_plus_S,"L_HH,L_VV,S_HH,S_VV",8.79080378450706,8.79080378450706,0.0,clearly outside,0.0011814852045849,4.125,1.1666666666666667,False,False,False,False,False,coarse-grid fallback,0,-28.945061043540864,-37.085875570194105,-8.14081452665324,-24.743898753141004,-35.53128311627219,-10.787384363131189,-20.121277013718046,-27.98444440913271,-7.8631673954146635,-18.43742411704319,-26.477511222740908,-8.040087105697719
TI,39-42,40.786001936704295,18845,L_only,"L_HH,L_VV",7.830001334583103,7.830001334583103,0.0,clearly outside,0.0011814852045849,4.125,3.1,False,False,False,False,False,coarse-grid fallback,0,-30.76670466666361,-38.00452684749489,-7.237822180831277,-27.48759799376348,-35.868037831732195,-8.380439837968716,-22.301190401748958,-29.2478831295955,-6.946692727846543,-19.498978273276965,-27.18991995896032,-7.690941685683356
TI,39-42,40.786001936704295,18845,S_only,"S_HH,S_VV",7.071137338120767,7.071137338120767,0.0,clearly outside,0.0011814852045849,2.3125,2.1333333333333333,False,False,False,False,False,coarse-grid fallback,0,-30.76670466666361,-37.90350444988575,-7.136799783222141,-27.48759799376348,-36.20051275299048,-8.712914759226997,-22.301190401748958,-28.73772280547339,-6.436532403724431,-19.498978273276965,-27.15227933392633,-7.653301060649365
TI,39-42,40.786001936704295,18845,L_plus_S,"L_HH,L_VV,S_HH,S_VV",7.5205375848507545,7.5205375848507545,0.0,clearly outside,0.0011814852045849,4.125,1.1666666666666667,False,False,False,False,False,coarse-grid fallback,0,-30.76670466666361,-37.901917172437045,-7.135212505773435,-27.48759799376348,-36.0730525065878,-8.58545451282432,-22.301190401748958,-28.86415364901467,-6.562963247265714,-19.498978273276965,-27.150133021504818,-7.651154748227853
TI,42-45,43.10014116954044,16064,L_only,"L_HH,L_VV",8.183666283027913,8.183666283027913,0.0,clearly outside,0.0011814852045849,4.125,3.1,False,False,False,False,False,coarse-grid fallback,0,-30.9844748841714,-38.55821649510553,-7.573741610934132,-27.44379977766735,-36.19498402179915,-8.7511842441318,-23.45467898321994,-29.86438707736489,-6.40970809414495,-18.588939439515947,-27.611638948903703,-9.022699509387756
TI,42-45,43.10014116954044,16064,S_only,"S_HH,S_VV",7.5707002425038885,7.5707002425038885,0.0,clearly outside,0.0011814852045849,2.3125,2.1333333333333333,False,False,False,False,False,coarse-grid fallback,0,-30.9844748841714,-38.42198386028743,-7.437508976116032,-27.44379977766735,-36.54921928236881,-9.105419504701459,-23.45467898321994,-29.28625718990292,-5.83157820668298,-18.588939439515947,-27.568009544100107,-8.97907010458416
TI,42-45,43.10014116954044,16064,L_plus_S,"L_HH,L_VV,S_HH,S_VV",7.934656999134435,7.934656999134435,0.0,clearly outside,0.0011814852045849,2.3125,3.1,False,False,False,False,False,coarse-grid fallback,0,-30.9844748841714,-38.40841019448986,-7.423935310318459,-27.44379977766735,-36.42641000990127,-8.982610232233917,-23.45467898321994,-29.44855690078869,-5.993877917568753,-18.588939439515947,-27.53916023058626,-8.950220791070311
TI,45-48,45.05498933318293,1107,L_only,"L_HH,L_VV",6.426692226035799,6.426692226035799,0.0,clearly outside,0.0011814852045849,2.3125,5.033333333333333,False,False,False,False,False,coarse-grid fallback,0,-32.16649482923016,-38.88845289938823,-6.721958070158067,-30.46244525799553,-36.57963625055206,-6.117190992556534,-23.670474963945765,-30.141472710500047,-6.470997746554282,-21.094651303196528,-27.898818853329004,-6.804167550132476
TI,45-48,45.05498933318293,1107,S_only,"S_HH,S_VV",6.44850545404863,6.44850545404863,0.0,clearly outside,0.0011814852045849,2.3125,2.1333333333333333,False,False,False,False,False,coarse-grid fallback,0,-32.16649482923016,-38.857985011993534,-6.691490182763374,-30.46244525799553,-36.84788888634923,-6.385443628353702,-23.670474963945765,-29.73588994230035,-6.065414978354585,-21.094651303196528,-27.904731062064386,-6.810079758867857
TI,45-48,45.05498933318293,1107,L_plus_S,"L_HH,L_VV,S_HH,S_VV",6.490518920507104,6.490518920507104,0.0,clearly outside,0.0011814852045849,2.3125,3.1,False,False,False,False,False,coarse-grid fallback,0,-32.16649482923016,-38.84550879997288,-6.679013970742723,-30.46244525799553,-36.71827976518895,-6.255834507193423,-23.670474963945765,-29.90559547745792,-6.235120513512154,-21.094651303196528,-27.868566168992693,-6.773914865796165
